-529.8073,84.3744
-529.7037,84.3827
-529.5767,84.4179
-529.4412,84.4552
-529.3055,84.4836
-529.2032,84.5226
-529.1079,84.5545
-528.9954,84.5589
-528.8617,84.6215
-528.6841,84.6626
-528.509,84.6962
-528.2993,84.7311
-528.1782,84.7301
-528.0756,84.7814
-527.9847,84.8396
-527.8621,84.8943
-527.7371,84.9524
-527.5801,84.9872
-527.4198,85.0376
-527.2972,85.1374
-527.1647,85.2209
-526.9902,85.2483
-526.8035,85.3167
-526.6632,85.4161
-526.5267,85.5265
-526.3412,85.6458
-526.1863,85.731
-526.0113,85.8416
-525.8151,85.9406
-525.6663,86.0573
-525.5153,86.1588
-525.3527,86.2994
-525.1959,86.4697
-525.0135,86.5928
-524.8068,86.7341
-524.6158,86.8526
-524.4514,87.0193
-524.3062,87.1705
-524.1676,87.3246
-523.9986,87.5123
-523.8295,87.6765
-523.6385,87.8351
-523.449,87.9876
-523.2544,88.1793
-523.0828,88.3556
-522.9033,88.5163
-522.7072,88.6784
-522.5298,88.84
-522.368,89.0095
-522.1662,89.206
-521.9691,89.3789
-521.7692,89.5478
-521.5668,89.7251
-521.351,89.859
-521.1513,90.0417
-520.9219,90.2078
-520.6927,90.3111
-520.4432,90.485
-520.2006,90.6629
-519.9977,90.8313
-519.7593,90.9865
-519.505,91.1309
-519.2232,91.253
-518.9321,91.3585
-518.6544,91.4649
-518.3792,91.5965
-518.061,91.7207
-517.7817,91.8481
-517.4612,91.9595
-517.1534,92.0643
-516.8352,92.1837
-516.5005,92.2726
-516.1533,92.3652
-515.8533,92.4734
-515.5039,92.537
-515.1191,92.6157
-514.7676,92.7129
-514.398,92.7931
-514.025,92.8607
-513.665,92.9084
-513.2762,92.9963
-512.8843,93.0552
-512.5109,93.1137
-512.1277,93.1759
-511.7373,93.2268
-511.355,93.291
-510.9726,93.3645
-510.5712,93.3994
-510.1701,93.452
-509.7735,93.5032
-509.3549,93.5471
-508.9401,93.5868
-508.5232,93.6399
-508.1182,93.6976
-507.7144,93.7298
-507.2863,93.785
-506.8453,93.8298
-506.4529,93.8565
-506.0637,93.8973
-505.6319,93.938
-505.1844,93.975
-504.7625,94.0134
-504.3462,94.0471
-503.9324,94.0686
-503.5191,94.0925
-503.0933,94.1341
-502.6537,94.1614
-502.1875,94.1937
-501.6814,94.2174
-501.2588,94.243
-500.8913,94.2561
-500.4724,94.2605
-500.0062,94.2688
-499.5465,94.3011
-499.1038,94.321
-498.7103,94.2934
-498.3164,94.2829
-497.9095,94.2751
-497.4761,94.2844
-497.0402,94.2952
-496.6009,94.2652
-496.2026,94.2504
-495.7884,94.2495
-495.3324,94.2381
-494.8963,94.2337
-494.5075,94.2042
-494.0992,94.1865
-493.6545,94.1771
-493.1944,94.1597
-492.7883,94.1203
-492.3719,94.0759
-491.9576,94.0462
-491.5235,94.0201
-491.1035,93.9855
-490.6535,93.933
-490.2455,93.9111
-489.8098,93.8695
-489.3968,93.8554
-488.9623,93.8263
-488.5388,93.7884
-488.1101,93.7844
-487.6745,93.7421
-487.2236,93.6954
-486.7683,93.6407
-486.3371,93.5913
-485.8994,93.5624
-485.4628,93.5204
-485.0089,93.4846
-484.5517,93.4325
-484.1295,93.3977
-483.6731,93.3399
-483.2277,93.2887
-482.7808,93.2542
-482.3592,93.2294
-481.9136,93.1954
-481.506,93.1448
-481.0783,93.0915
-480.6584,93.0327
-480.2803,92.9906
-479.8987,92.9429
-479.511,92.9099
-479.1196,92.8579
-478.727,92.7848
-478.3428,92.7457
-477.9763,92.6836
-477.6162,92.6342
-477.2858,92.5804
-476.9613,92.5208
-476.6464,92.459
-476.3081,92.4006
-475.999,92.3385
-475.7062,92.2929
-475.4379,92.2432
-475.1707,92.2115
-474.917,92.1622
-474.6836,92.0983
-474.4429,92.0289
-474.2476,91.9686
-474.0684,91.9591
-473.8773,91.8964
-473.696,91.8538
-473.5366,91.8302
-473.3914,91.8042
-473.2553,91.7699
-473.128,91.7347
-473.0127,91.6982
-472.916,91.6707
-472.7592,91.6152
-472.6194,91.6127
-472.5118,91.5586
-472.3729,91.5275
-472.234,91.4917
-472.0618,91.4125
-471.9496,91.3881
-471.8447,91.3615
-471.7167,91.347
-471.5464,91.3134
-471.3802,91.2711
-471.1835,91.2017
-470.9756,91.1472
-470.7607,91.0731
-470.5159,91.0352
-470.2747,90.9671
-470.0288,90.8784
-469.7654,90.8003
-469.5046,90.6912
-469.2032,90.5778
-468.9255,90.501
-468.5854,90.4211
-468.2595,90.3242
-467.919,90.2129
-467.5812,90.0781
-467.2337,90.001
-466.8824,89.8673
-466.5045,89.7334
-466.125,89.5805
-465.7272,89.4439
-465.3483,89.2903
-464.9335,89.1454
-464.5265,88.9921
-464.1086,88.8461
-463.6745,88.6618
-463.2683,88.5073
-462.8331,88.3321
-462.3813,88.1421
-461.9377,87.9209
-461.5155,87.713
-461.0557,87.5222
-460.5818,87.3312
-460.1083,87.1216
-459.6538,86.9173
-459.1548,86.7115
-458.6696,86.4888
-458.1633,86.2454
-457.6311,86.0254
-457.1414,85.8003
-456.6468,85.5315
-456.1023,85.2655
-455.5826,85.0343
-455.0701,84.7884
-454.56,84.5397
-453.9999,84.2902
-453.4673,84.0203
-452.9404,83.72
-452.3629,83.4072
-451.8184,83.0933
-451.2998,82.8314
-450.7112,82.5204
-450.1143,82.1819
-449.6021,81.886
-448.9735,81.5357
-448.3802,81.1629
-447.7923,80.8118
-447.2692,80.4976
-446.7276,80.1826
-446.1549,79.8264
-445.598,79.4315
-444.9723,79.0528
-444.4038,78.6549
-443.857,78.2854
-443.3163,77.9269
-442.6893,77.4777
-442.1504,77.1011
-441.5904,76.6962
-441.0328,76.2882
-440.4854,75.8713
-439.9002,75.4123
-439.3532,74.9942
-438.8298,74.5859
-438.2952,74.1754
-437.7644,73.7195
-437.2352,73.2686
-436.7007,72.8378
-436.2032,72.3775
-435.6682,71.9218
-435.1217,71.4169
-434.6348,70.9491
-434.0956,70.4762
-433.5735,70.0086
-433.0579,69.4979
-432.5192,68.9986
-431.9972,68.5145
-431.5201,67.9844
-431.0349,67.509
-430.5174,67.0233
-429.9843,66.4907
-429.4821,65.9614
-428.949,65.4356
-428.4427,64.9459
-427.9311,64.4276
-427.4197,63.8885
-426.9013,63.385
-426.4032,62.869
-425.8944,62.3422
-425.3947,61.8347
-424.92,61.3185
-424.3941,60.814
-423.8931,60.2975
-423.394,59.7503
-422.8787,59.2139
-422.35,58.6733
-421.851,58.1508
-421.3517,57.6365
-420.8621,57.1175
-420.353,56.5844
-419.8341,56.0519
-419.3501,55.541
-418.832,54.9943
-418.3143,54.4561
-417.8048,53.9352
-417.3214,53.4405
-416.7916,52.9047
-416.276,52.3582
-415.7486,51.8205
-415.263,51.3061
-414.752,50.7756
-414.216,50.2206
-413.6971,49.674
-413.1895,49.1633
-412.6955,48.6405
-412.1776,48.1055
-411.6207,47.5413
-411.0968,47.0056
-410.5938,46.475
-410.0752,45.9297
-409.5357,45.3834
-409.0181,44.8731
-408.4971,44.3251
-407.9861,43.8005
-407.4628,43.2679
-406.908,42.717
-406.3944,42.194
-405.8826,41.6639
-405.3485,41.1089
-404.8069,40.5682
-404.2789,40.0423
-403.7659,39.5142
-403.242,38.9659
-402.7114,38.4287
-402.1844,37.8866
-401.6648,37.3487
-401.1518,36.8246
-400.6189,36.2852
-400.1126,35.7717
-399.6185,35.2403
-399.0885,34.7052
-398.5524,34.1587
-398.0148,33.6137
-397.4877,33.0594
-396.9525,32.4919
-396.4537,31.9873
-395.946,31.474
-395.4294,30.9252
-394.9064,30.3891
-394.3957,29.8701
-393.8846,29.3178
-393.3579,28.8
-392.8852,28.3091
-392.389,27.7969
-391.8835,27.2762
-391.3694,26.7365
-390.8534,26.2119
-390.3588,25.6949
-389.8668,25.1786
-389.3649,24.6625
-388.8773,24.1529
-388.388,23.648
-387.8878,23.1379
-387.3821,22.6065
-386.891,22.1187
-386.3788,21.5863
-385.8831,21.0668
-385.3957,20.5592
-384.8984,20.045
-384.4032,19.5353
-383.8784,19.0028
-383.3894,18.4829
-382.886,17.9709
-382.3487,17.4203
-381.8728,16.9157
-381.3923,16.4341
-380.8918,15.9034
-380.4184,15.4138
-379.9499,14.8859
-379.4754,14.425
-379.0348,13.9496
-378.5825,13.4684
-378.1039,13.0002
-377.6582,12.5197
-377.1865,12.034
-376.7479,11.5814
-376.3106,11.114
-375.8783,10.6497
-375.4016,10.1832
-374.9789,9.722
-374.5303,9.2634
-374.0914,8.798
-373.6678,8.3317
-373.2318,7.8863
-372.7819,7.4083
-372.3574,6.9675
-371.9264,6.5354
-371.4957,6.0531
-371.0589,5.6117
-370.6381,5.1591
-370.1976,4.7057
-369.7784,4.2802
-369.357,3.8557
-368.9266,3.4181
-368.5105,2.9898
-368.0882,2.5624
-367.6808,2.0983
-367.2524,1.6622
-366.8507,1.255
-366.4507,0.8399
-366.045,0.3903
-365.6413,-0.0426
-365.2198,-0.4388
-364.7824,-0.8989
-364.3899,-1.3227
-364.0038,-1.7363
-363.6037,-2.1396
-363.2133,-2.5727
-362.8307,-2.9605
-362.4559,-3.3679
-362.0781,-3.7841
-361.7018,-4.181
-361.3421,-4.5568
-360.9958,-4.9205
-360.64,-5.2987
-360.2979,-5.6624
-359.9777,-5.9961
-359.6548,-6.3423
-359.3166,-6.6932
-358.9952,-7.0376
-358.6881,-7.3725
-358.3879,-7.69
-358.0883,-8.0345
-357.7932,-8.3522
-357.4981,-8.6747
-357.212,-8.9847
-356.9481,-9.2721
-356.6784,-9.5799
-356.412,-9.8924
-356.1551,-10.1717
-355.8948,-10.4592
-355.6579,-10.7359
-355.4114,-11.019
-355.1526,-11.2951
-354.9038,-11.5712
-354.6722,-11.8452
-354.4372,-12.1276
-354.1874,-12.4098
-353.9641,-12.6833
-353.727,-12.9686
-353.4957,-13.2385
-353.2654,-13.5006
-353.0489,-13.7714
-352.8262,-14.0477
-352.5966,-14.328
-352.3808,-14.582
-352.177,-14.8438
-351.9849,-15.086
-351.7777,-15.3345
-351.5801,-15.5685
-351.3844,-15.8225
-351.2029,-16.0612
-351.0328,-16.2721
-350.8663,-16.4952
-350.6964,-16.7043
-350.5392,-16.906
-350.3908,-17.1128
-350.2488,-17.319
-350.0898,-17.5168
-349.9497,-17.7078
-349.82,-17.9112
-349.699,-18.0807
-349.5677,-18.2551
-349.45,-18.4141
-349.3326,-18.5681
-349.2085,-18.7331
-349.0965,-18.8864
-349.0002,-19.0276
-348.8953,-19.1644
-348.7943,-19.2953
-348.7079,-19.4241
-348.6187,-19.5448
-348.5334,-19.6497
-348.4574,-19.7574
-348.3914,-19.8556
-348.3285,-19.9394
-348.2571,-20.0358
-348.1956,-20.1254
-348.0882,-20.2749
-348.0243,-20.3647
-347.9384,-20.4956
-347.8264,-20.6339
-347.7618,-20.7523
-347.6768,-20.8753
-347.6114,-20.9711
-347.5455,-21.0659
-347.4751,-21.158
-347.394,-21.2697
-347.3273,-21.3606
-347.2634,-21.4634
-347.1897,-21.5769
-347.1321,-21.6885
-347.055,-21.7839
-347.0022,-21.8718
-346.9351,-21.9729
-346.8638,-22.093
-346.7695,-22.2389
-346.7045,-22.3307
-346.6329,-22.4316
-346.5635,-22.5206
-346.4921,-22.6441
-346.4141,-22.7641
-346.3388,-22.8849
-346.2655,-23.0198
-346.1622,-23.161
-346.0741,-23.3135
-345.9761,-23.4667
-345.8587,-23.627
-345.7234,-23.8174
-345.6039,-24.0029
-345.4753,-24.2077
-345.3419,-24.4188
-345.1991,-24.6365
-345.0398,-24.88
-344.8832,-25.1431
-344.7155,-25.3978
-344.5608,-25.6488
-344.3969,-25.9314
-344.2177,-26.2343
-344.0273,-26.5355
-343.8384,-26.8401
-343.6399,-27.1719
-343.4299,-27.5241
-343.2117,-27.871
-342.9946,-28.2182
-342.7819,-28.5871
-342.5526,-28.961
-342.3323,-29.3497
-342.0883,-29.7325
-341.8602,-30.1242
-341.6135,-30.5441
-341.3734,-30.9498
-341.1259,-31.3509
-340.8693,-31.7571
-340.6178,-32.1972
-340.3694,-32.6547
-340.0885,-33.1083
-339.8058,-33.5709
-339.5465,-34.016
-339.2543,-34.5103
-338.9642,-34.9865
-338.6913,-35.4645
-338.4075,-35.9383
-338.1367,-36.4224
-337.8083,-36.9446
-337.5087,-37.4427
-337.2239,-37.9276
-336.9116,-38.4467
-336.5578,-39.0023
-336.2659,-39.4888
-335.9272,-40.0419
-335.5777,-40.5876
-335.2423,-41.0991
-334.9056,-41.6276
-334.5658,-42.1658
-334.2258,-42.6945
-333.8874,-43.2127
-333.5596,-43.7247
-333.2089,-44.2463
-332.8573,-44.7855
-332.4908,-45.3052
-332.1332,-45.8222
-331.7654,-46.3405
-331.3941,-46.8556
-331.0365,-47.3571
-330.668,-47.8768
-330.2893,-48.377
-329.9377,-48.8788
-329.5684,-49.3839
-329.1805,-49.903
-328.7898,-50.4068
-328.4026,-50.9185
-328.0186,-51.4194
-327.6457,-51.8802
-327.2648,-52.3755
-326.8708,-52.8668
-326.4512,-53.3822
-326.0524,-53.863
-325.6702,-54.348
-325.2062,-54.8837
-324.8035,-55.3708
-324.395,-55.8717
-323.9613,-56.3608
-323.5679,-56.8177
-323.1772,-57.2842
-322.7351,-57.7776
-322.2977,-58.2766
-321.8813,-58.7586
-321.4777,-59.2401
-321.051,-59.7045
-320.6169,-60.1794
-320.1801,-60.6686
-319.7508,-61.1514
-319.3055,-61.6118
-318.8627,-62.0966
-318.4185,-62.568
-317.9786,-63.0475
-317.5308,-63.5219
-317.1043,-63.9685
-316.6786,-64.4279
-316.2174,-64.9204
-315.8033,-65.3627
-315.374,-65.8116
-314.94,-66.2771
-314.5012,-66.742
-314.0808,-67.167
-313.6602,-67.6228
-313.2447,-68.0669
-312.8584,-68.4659
-312.4372,-68.8921
-312.0486,-69.3023
-311.675,-69.6771
-311.304,-70.0591
-310.9487,-70.4302
-310.583,-70.803
-310.2318,-71.178
-309.8875,-71.5201
-309.5601,-71.844
-309.2371,-72.1834
-308.9154,-72.4955
-308.6384,-72.7909
-308.336,-73.0848
-308.0467,-73.391
-307.7595,-73.6816
-307.4945,-73.9377
-307.2314,-74.2107
-306.9778,-74.4632
-306.7371,-74.7027
-306.4936,-74.9386
-306.2744,-75.1681
-306.0797,-75.3622
-305.8748,-75.565
-305.6931,-75.7631
-305.5125,-75.9313
-305.3538,-76.0867
-305.2151,-76.2305
-305.0741,-76.3683
-304.951,-76.4963
-304.8405,-76.6117
-304.7262,-76.7204
-304.6393,-76.8037
-304.5453,-76.8923
-304.4252,-77.0196
-304.3115,-77.1271
-304.2066,-77.231
-304.1141,-77.3187
-304.0333,-77.4038
-303.9395,-77.4887
-303.8545,-77.5854
-303.7399,-77.6983
-303.6144,-77.8362
-303.5415,-77.9158
-303.4297,-78.0226
-303.3264,-78.1165
-303.2224,-78.2133
-303.107,-78.3219
-302.9744,-78.4449
-302.8366,-78.5972
-302.6772,-78.7632
-302.5113,-78.9376
-302.3427,-79.1165
-302.176,-79.2812
-301.9753,-79.4826
-301.763,-79.6814
-301.5571,-79.9032
-301.3135,-80.1471
-301.0873,-80.3796
-300.8474,-80.6256
-300.5875,-80.8695
-300.3266,-81.1269
-300.0267,-81.4136
-299.7346,-81.7112
-299.427,-81.9967
-299.1199,-82.2988
-298.8036,-82.6244
-298.4543,-82.9689
-298.1125,-83.3058
-297.7717,-83.6504
-297.4194,-84.0125
-297.0704,-84.3831
-296.6712,-84.7842
-296.3045,-85.1389
-295.9093,-85.5495
-295.5118,-85.9575
-295.1173,-86.3755
-294.731,-86.7941
-294.3195,-87.2172
-293.9151,-87.6648
-293.514,-88.1083
-293.101,-88.5504
-292.6978,-89.0132
-292.2911,-89.4695
-291.8965,-89.9495
-291.4968,-90.4317
-291.0822,-90.9423
-290.6882,-91.4217
-290.289,-91.912
-289.8878,-92.4069
-289.5189,-92.9396
-289.1238,-93.4651
-288.7347,-94.0325
-288.3542,-94.5662
-287.9654,-95.1269
-287.5811,-95.7024
-287.2094,-96.2759
-286.8481,-96.8587
-286.4985,-97.4666
-286.1431,-98.0674
-285.7823,-98.7004
-285.4734,-99.306
-285.1507,-99.93
-284.8462,-100.5369
-284.5229,-101.2062
-284.2278,-101.8476
-283.9322,-102.4965
-283.6459,-103.145
-283.3648,-103.8424
-283.0867,-104.5304
-282.8059,-105.2084
-282.571,-105.9043
-282.3596,-106.5627
-282.1268,-107.3459
-281.9284,-108.0376
-281.7133,-108.7497
-281.5625,-109.475
-281.4202,-110.2077
-281.2505,-110.9368
-281.0991,-111.7053
-280.9622,-112.4745
-280.8637,-113.2071
-280.7698,-113.9521
-280.6754,-114.695
-280.6075,-115.4272
-280.5696,-116.1828
-280.4937,-116.9602
-280.4651,-117.7352
-280.4644,-118.5155
-280.4839,-119.3319
-280.5027,-120.1212
-280.5411,-120.8854
-280.5999,-121.6799
-280.636,-122.4506
-280.6797,-123.2171
-280.7437,-123.9975
-280.8704,-124.743
-280.9418,-125.581
-281.0893,-126.3006
-281.2255,-127.033
-281.3516,-127.8134
-281.5142,-128.5564
-281.7074,-129.2922
-281.8978,-130.0455
-282.0948,-130.7968
-282.298,-131.5062
-282.5687,-132.2847
-282.8145,-132.9685
-283.0571,-133.7306
-283.3319,-134.4596
-283.6174,-135.1898
-283.9171,-135.8742
-284.2315,-136.5735
-284.5327,-137.2619
-284.8428,-137.9297
-285.2098,-138.6203
-285.5707,-139.3202
-285.9344,-139.9705
-286.2983,-140.6272
-286.6697,-141.2609
-287.0558,-141.9294
-287.4431,-142.5339
-287.8875,-143.2135
-288.2939,-143.8386
-288.7078,-144.4225
-289.1597,-145.0527
-289.6106,-145.6744
-290.0601,-146.2397
-290.5111,-146.8463
-290.9706,-147.4225
-291.4254,-147.9838
-291.8988,-148.5742
-292.368,-149.1313
-292.8388,-149.7009
-293.3197,-150.2866
-293.8129,-150.8535
-294.2704,-151.3721
-294.7683,-151.9324
-295.2604,-152.4848
-295.714,-152.9893
-296.2411,-153.5571
-296.7224,-154.0894
-297.2094,-154.6144
-297.6954,-155.139
-298.1588,-155.626
-298.642,-156.1458
-299.1399,-156.6783
-299.6115,-157.1808
-300.0739,-157.6743
-300.5597,-158.1896
-301.0343,-158.6795
-301.5035,-159.1764
-301.9371,-159.6425
-302.3863,-160.1038
-302.8443,-160.5926
-303.2754,-161.0486
-303.702,-161.5043
-304.146,-161.9776
-304.5714,-162.4185
-305.0061,-162.868
-305.4355,-163.3267
-305.8483,-163.7905
-306.2737,-164.2458
-306.7013,-164.6869
-307.102,-165.1043
-307.5424,-165.5427
-307.9522,-165.9573
-308.3589,-166.3877
-308.7486,-166.7955
-309.1502,-167.2095
-309.5145,-167.5985
-309.8969,-168.0096
-310.2743,-168.3938
-310.6627,-168.7887
-311.0422,-169.1843
-311.4122,-169.5618
-311.7846,-169.9394
-312.1467,-170.3257
-312.5013,-170.6858
-312.8517,-171.0406
-313.2033,-171.3836
-313.5325,-171.7512
-313.8775,-172.1176
-314.2216,-172.4684
-314.5508,-172.7991
-314.8723,-173.1362
-315.1882,-173.4633
-315.5164,-173.7741
-315.8241,-174.0875
-316.1238,-174.3876
-316.4131,-174.6796
-316.7034,-174.9796
-316.9808,-175.2644
-317.2437,-175.5224
-317.497,-175.7852
-317.7597,-176.0546
-318.0085,-176.3147
-318.2229,-176.5368
-318.4447,-176.7703
-318.6434,-176.9868
-318.8429,-177.1594
-319.0387,-177.36
-319.2266,-177.5481
-319.374,-177.7141
-319.5389,-177.8783
-319.689,-178.0352
-319.8176,-178.1796
-319.9439,-178.3002
-320.0595,-178.4061
-320.1647,-178.4849
-320.2558,-178.5643
-320.3401,-178.6577
-320.4149,-178.7454
-320.4993,-178.8335
-320.631,-178.9637
-320.7051,-179.0369
-320.8145,-179.1449
-320.9281,-179.271
-321.0201,-179.372
-321.0928,-179.4485
-321.1711,-179.5277
-321.2501,-179.5942
-321.3389,-179.6975
-321.4534,-179.8021
-321.5841,-179.9252
-321.6653,-179.9952
-321.7636,-180.0897
-321.8568,-180.1876
-321.9628,-180.2942
-322.0792,-180.4133
-322.1821,-180.5289
-322.3091,-180.649
-322.4679,-180.8042
-322.603,-180.9589
-322.7235,-181.095
-322.862,-181.2544
-323.0376,-181.4218
-323.1956,-181.598
-323.3752,-181.7894
-323.5499,-181.9883
-323.7094,-182.188
-323.8933,-182.408
-324.0577,-182.6218
-324.235,-182.8609
-324.43,-183.1142
-324.6234,-183.4072
-324.813,-183.6531
-324.9799,-183.9281
-325.1648,-184.2531
-325.3454,-184.5701
-325.5115,-184.8894
-325.6836,-185.1722
-325.8507,-185.5221
-326.0085,-185.8588
-326.1646,-186.2297
-326.3435,-186.6357
-326.4836,-186.9967
-326.5887,-187.3606
-326.6997,-187.8228
-326.8306,-188.2897
-326.9505,-188.7448
-327.0357,-189.1702
-327.0888,-189.5943
-327.1316,-190.047
-327.1834,-190.4915
-327.161,-190.9333
-327.1404,-191.4573
-327.1169,-191.9791
-327.0835,-192.4911
-327.0408,-193.0255
-326.9301,-193.5152
-326.8249,-193.9859
-326.7296,-194.5302
-326.594,-195.0696
-326.4024,-195.5942
-326.2048,-196.1021
-326.0048,-196.6745
-325.8184,-197.1435
-325.5656,-197.6109
-325.2665,-198.2237
-325.0142,-198.7465
-324.6804,-199.1908
-324.3575,-199.6856
-324.0493,-200.1618
-323.6914,-200.6501
-323.3421,-201.1412
-322.964,-201.6451
-322.5865,-202.1233
-322.1902,-202.5477
-321.7801,-203.0076
-321.3254,-203.4493
-320.8781,-203.8799
-320.4297,-204.3008
-319.9922,-204.708
-319.5236,-205.1233
-319.0032,-205.4895
-318.5205,-205.8886
-318.0269,-206.2967
-317.5231,-206.6676
-317.0194,-207.0343
-316.4961,-207.4067
-315.9849,-207.7853
-315.5018,-208.095
-314.9564,-208.4311
-314.4172,-208.7624
-313.8852,-209.089
-313.363,-209.4174
-312.7965,-209.7447
-312.1914,-210.1216
-311.7289,-210.4639
-311.2025,-210.7527
-310.5509,-211.1193
-309.9818,-211.4668
-309.4742,-211.7472
-308.8805,-212.0962
-308.2605,-212.4515
-307.7203,-212.783
-307.0997,-213.1226
-306.5024,-213.4613
-305.935,-213.7712
-305.3608,-214.0913
-304.782,-214.3812
-304.1797,-214.7188
-303.6338,-215.0031
-303.0648,-215.3021
-302.426,-215.6187
-301.8549,-215.9062
-301.2611,-216.2287
-300.6537,-216.5386
-300.0212,-216.8143
-299.42,-217.0837
-298.8174,-217.3727
-298.1911,-217.6551
-297.6559,-217.9205
-297.1063,-218.1774
-296.4762,-218.4568
-295.8425,-218.7201
-295.225,-218.9633
-294.6425,-219.2111
-293.9894,-219.4669
-293.3572,-219.7044
-292.8087,-219.9379
-292.1903,-220.1721
-291.5533,-220.4095
-290.9205,-220.6388
-290.3226,-220.8493
-289.7345,-221.054
-289.1828,-221.239
-288.5755,-221.4414
-287.9537,-221.6716
-287.3375,-221.8784
-286.7737,-222.0528
-286.164,-222.2743
-285.5615,-222.4699
-284.9159,-222.6287
-284.2978,-222.8249
-283.7492,-223.0063
-283.1336,-223.1794
-282.509,-223.3905
-281.93,-223.5402
-281.3568,-223.6994
-280.7684,-223.8804
-280.2183,-224.0197
-279.6104,-224.1876
-279.0264,-224.3573
-278.4692,-224.4989
-277.8704,-224.6675
-277.2951,-224.8445
-276.7284,-224.9683
-276.1068,-225.1362
-275.5653,-225.2882
-275.026,-225.4164
-274.4351,-225.5771
-273.8981,-225.7398
-273.3769,-225.8606
-272.8416,-225.9883
-272.3074,-226.1187
-271.7627,-226.2323
-271.2349,-226.3934
-270.6934,-226.5257
-270.2113,-226.6334
-269.7001,-226.7415
-269.152,-226.8842
-268.6576,-226.9868
-268.2098,-227.0741
-267.7394,-227.2061
-267.2269,-227.3311
-266.7664,-227.4448
-266.2931,-227.5382
-265.8208,-227.6348
-265.3393,-227.7203
-264.867,-227.8393
-264.3999,-227.9568
-263.9389,-228.0524
-263.4899,-228.1423
-263.0783,-228.2337
-262.6429,-228.3416
-262.2133,-228.4195
-261.7972,-228.4998
-261.3649,-228.6147
-260.9422,-228.7132
-260.5465,-228.8087
-260.1278,-228.9087
-259.7191,-228.9861
-259.3306,-229.0581
-258.9217,-229.1692
-258.5372,-229.2504
-258.1535,-229.3306
-257.7693,-229.4382
-257.3853,-229.5324
-257.0321,-229.6426
-256.6668,-229.7468
-256.2791,-229.8685
-255.8813,-229.9838
-255.5201,-230.095
-255.1491,-230.1988
-254.755,-230.3318
-254.3757,-230.4659
-254.0134,-230.6058
-253.6629,-230.7572
-253.2626,-230.8913
-252.8788,-231.0554
-252.479,-231.2158
-252.12,-231.3783
-251.7589,-231.5576
-251.3861,-231.7411
-251.0133,-231.9356
-250.6227,-232.125
-250.2592,-232.3638
-249.9163,-232.5593
-249.5616,-232.7662
-249.2373,-232.9711
-248.9148,-233.2055
-248.5521,-233.4431
-248.2156,-233.7256
-247.8854,-233.9565
-247.5684,-234.1924
-247.2635,-234.4808
-246.9587,-234.7429
-246.6864,-235.0149
-246.3734,-235.2905
-246.0751,-235.5601
-245.7875,-235.8302
-245.4857,-236.1454
-245.1895,-236.4283
-244.9008,-236.68
-244.6299,-236.9485
-244.3486,-237.1837
-244.0523,-237.4437
-243.7546,-237.6393
-243.4608,-237.8728
-243.1651,-238.1203
-242.8719,-238.3551
-242.5545,-238.5494
-242.2362,-238.755
-241.9318,-238.96
-241.5802,-239.1408
-241.2529,-239.301
-240.902,-239.5003
-240.6208,-239.6306
-240.2529,-239.7629
-239.9866,-239.8561
-239.6054,-240.0105
-239.278,-240.0634
-238.9191,-240.1129
-238.5346,-240.179
-238.1964,-240.2213
-237.8045,-240.2971
-237.4383,-240.4676
-237.0474,-240.5214
-236.6785,-240.5243
-236.2852,-240.5202
-235.8887,-240.5611
-235.4836,-240.6245
-235.1056,-240.6328
-234.6852,-240.6385
-234.2812,-240.6104
-233.9043,-240.5576
-233.4865,-240.4763
-233.1367,-240.3783
-232.7209,-240.3162
-232.3385,-240.2581
-231.9207,-240.1742
-231.5731,-240.0564
-231.1802,-239.8956
-230.7883,-239.7305
-230.4075,-239.6145
-230.0238,-239.4297
-229.6911,-239.2713
-229.3768,-239.108
-228.9612,-238.8848
-228.6008,-238.6996
-228.2394,-238.4866
-227.9194,-238.2638
-227.6026,-238.0111
-227.2922,-237.7887
-226.9779,-237.5004
-226.6579,-237.2757
-226.3527,-236.9977
-226.0565,-236.6882
-225.7529,-236.3703
-225.4517,-236.0907
-225.1678,-235.7747
-224.8925,-235.4806
-224.6389,-235.1502
-224.3739,-234.8434
-224.1142,-234.5179
-223.8833,-234.1765
-223.6778,-233.8351
-223.4619,-233.453
-223.3209,-233.1055
-223.0866,-232.7511
-222.9171,-232.3841
-222.7101,-231.9887
-222.5556,-231.6116
-222.3503,-231.2319
-222.2292,-230.8184
-222.0126,-230.4196
-222.0297,-230.0481
-221.9439,-229.6547
-221.7987,-229.2234
-221.664,-228.8027
-221.695,-228.4216
-221.7486,-228.0081
-221.7634,-227.6277
-221.7166,-227.1686
-221.7235,-226.7486
-221.6569,-226.3142
-221.6718,-225.8713
-221.7606,-225.4403
-221.8302,-225.0483
-222.0317,-224.6423
-222.0601,-224.2139
-222.1155,-223.744
-222.1828,-223.3327
-222.4368,-222.9639
-222.4669,-222.5207
-222.6116,-222.1522
-222.7607,-221.7422
-222.9342,-221.3382
-223.1168,-220.9515
-223.3608,-220.588
-223.6252,-220.2379
-223.882,-219.9052
-224.1297,-219.5399
-224.3548,-219.1939
-224.6923,-218.859
-225.0235,-218.5515
-225.3267,-218.2333
-225.6172,-217.9115
-225.9212,-217.6004
-226.2531,-217.2744
-226.5643,-217.0018
-226.9103,-216.723
-227.3178,-216.4803
-227.7118,-216.2406
-228.0677,-216.0099
-228.4094,-215.7961
-228.8578,-215.6404
-229.2111,-215.4228
-229.5899,-215.234
-229.9819,-215.0805
-230.4203,-214.914
-230.8466,-214.8163
-231.2571,-214.6814
-231.7173,-214.5883
-232.1387,-214.5114
-232.5559,-214.4086
-233.006,-214.3217
-233.4618,-214.304
-233.8977,-214.253
-234.323,-214.266
-234.865,-214.2902
-235.201,-214.2648
-235.7172,-214.3433
-235.9932,-214.1704
-236.4221,-214.1908
-236.8511,-214.2232
-237.2627,-214.3017
-237.6254,-214.3897
-238.076,-214.5044
-238.4957,-214.5955
-238.9267,-214.7183
-239.3273,-214.8315
-239.7028,-214.9929
-240.0655,-215.1512
-240.5152,-215.316
-240.8955,-215.4782
-241.2502,-215.6542
-241.5941,-215.8765
-241.9449,-216.1067
-242.3447,-216.3792
-242.7196,-216.688
-242.9952,-216.8795
-243.3285,-217.1607
-243.7449,-217.4623
-244.0072,-217.7761
-244.269,-218.0858
-244.528,-218.394
-244.7805,-218.713
-245.0391,-219.0722
-245.3177,-219.4174
-245.6454,-219.8018
-245.7511,-220.0008
-245.9885,-220.4246
-246.1738,-220.7987
-246.3832,-221.162
-246.5728,-221.5147
-246.7555,-221.9341
-246.9514,-222.3634
-247.0448,-222.8122
-247.1194,-223.1005
-247.2424,-223.524
-247.4327,-224.1065
-247.6498,-224.7961
-247.7146,-225.2791
-247.7694,-225.7443
-247.8011,-226.203
-247.8281,-226.6665
-247.7935,-227.1644
-247.7495,-227.6234
-247.7361,-228.149
-247.7146,-228.6413
-247.6471,-229.1043
-247.567,-229.5955
-247.4752,-230.0555
-247.3472,-230.5344
-247.2261,-231.0112
-247.12,-231.4226
-246.9555,-231.8657
-246.8063,-232.3441
-246.627,-232.8174
-246.4583,-233.2862
-246.2846,-233.7509
-246.0797,-234.2015
-245.8657,-234.6497
-245.687,-235.0797
-245.4865,-235.5383
-245.2798,-236.013
-245.0559,-236.4778
-244.8373,-236.9468
-244.615,-237.4071
-244.3799,-237.8628
-244.1861,-238.349
-243.9841,-238.8295
-243.7882,-239.316
-243.5716,-239.8096
-243.3626,-240.3777
-243.1887,-240.8324
-242.9867,-241.3937
-242.7887,-241.8919
-242.6312,-242.3611
-242.4365,-242.9189
-242.2743,-243.4607
-242.0942,-244.0431
-241.9439,-244.5517
-241.8094,-245.068
-241.6707,-245.6204
-241.5208,-246.1684
-241.372,-246.7859
-241.2585,-247.3388
-241.1313,-247.8799
-241.0044,-248.4344
-240.8889,-248.9929
-240.7565,-249.5244
-240.6455,-250.0996
-240.5562,-250.6492
-240.4286,-251.1733
-240.3101,-251.7628
-240.1867,-252.3102
-240.0616,-252.8542
-239.951,-253.4617
-239.8081,-254.0738
-239.6796,-254.6481
-239.5791,-255.2205
-239.4627,-255.8475
-239.3291,-256.4209
-239.2236,-256.9866
-239.123,-257.5432
-238.995,-258.1361
-238.9011,-258.6738
-238.7771,-259.2513
-238.6594,-259.8601
-238.5441,-260.3884
-238.4169,-260.8537
-238.2896,-261.4978
-238.1702,-262.1145
-238.0698,-262.7191
-237.9445,-263.3019
-237.8314,-263.8825
-237.7332,-264.4146
-237.6086,-265.0162
-237.4877,-265.5931
-237.3717,-266.1911
-237.2554,-266.779
-237.1111,-267.3238
-237.0034,-267.9366
-236.87,-268.5191
-236.7428,-269.0902
-236.5944,-269.7029
-236.4679,-270.3186
-236.3282,-270.8622
-236.1775,-271.4201
-236.0598,-272.0574
-235.9143,-272.7082
-235.7611,-273.2694
-235.6289,-273.8863
-235.463,-274.4958
-235.2638,-274.9213
-235.088,-275.522
-234.9392,-276.1484
-234.7904,-276.7613
-234.656,-277.2938
-234.5017,-277.8457
-234.3463,-278.4314
-234.2046,-279.0859
-234.0516,-279.7058
-233.9141,-280.3396
-233.7689,-280.9537
-233.5826,-281.4955
-233.4008,-282.0707
-233.2318,-282.6559
-233.0355,-283.1915
-232.8432,-283.7264
-232.716,-284.4696
-232.5695,-285.1262
-232.3904,-285.7325
-232.2088,-286.2252
-232.0459,-286.7603
-231.8324,-287.3872
-231.7094,-287.9786
-231.5519,-288.5338
-231.3879,-289.1157
-231.2551,-289.6933
-231.123,-290.2665
-230.9967,-290.8604
-230.8703,-291.473
-230.7492,-292.0468
-230.545,-292.5928
-230.3623,-293.1459
-230.2893,-293.6969
-230.1546,-294.313
-229.9722,-294.8898
-229.8425,-295.4347
-229.7032,-295.9847
-229.5712,-296.6019
-229.3436,-297.1699
-229.2706,-297.7697
-229.086,-298.2977
-228.9186,-298.8796
-228.6987,-299.496
-228.6024,-300.0672
-228.5122,-300.657
-228.3584,-301.2222
-228.2803,-301.7497
-228.108,-302.2894
-227.9747,-302.8498
-227.952,-303.4423
-227.8051,-303.9481
-227.6575,-304.5225
-227.5129,-305.0628
-227.3356,-305.6047
-227.2199,-306.152
-227.0838,-306.7346
-226.9573,-307.3012
-226.8866,-307.8379
-226.7235,-308.3348
-226.5793,-308.8752
-226.4773,-309.3774
-226.3675,-309.8877
-226.2052,-310.3842
-226.0467,-310.8739
-225.9329,-311.3619
-225.8697,-311.8759
-225.6774,-312.3818
-225.5568,-312.8837
-225.4404,-313.3529
-225.2987,-313.81
-225.2039,-314.3423
-225.1105,-314.8364
-225.0199,-315.3006
-224.8518,-315.6992
-224.703,-316.1396
-224.6012,-316.6426
-224.4867,-317.0641
-224.3931,-317.4841
-224.2156,-317.8639
-224.0952,-318.2441
-224.0381,-318.7034
-224.0126,-319.1399
-223.8847,-319.4979
-223.7987,-319.8875
-223.6848,-320.2388
-223.6092,-320.6195
-223.4991,-320.9822
-223.3992,-321.3213
-223.3112,-321.664
-223.2216,-321.9968
-223.1081,-322.3189
-223.001,-322.619
-222.8466,-322.8766
-222.7209,-323.1279
-222.5757,-323.416
-222.4641,-323.7254
-222.331,-324.0759
-222.1949,-324.3745
-222.0576,-324.6792
-221.8667,-324.9225
-221.7024,-325.2157
-221.524,-325.4766
-221.3412,-325.742
-221.1449,-325.9603
-220.9552,-326.2023
-220.7325,-326.4189
-220.4852,-326.5872
-220.2623,-326.8415
-220.0415,-327.0541
-219.7629,-327.291
-219.5278,-327.435
-219.2972,-327.6634
-219.069,-327.9062
-218.7447,-328.0419
-218.4734,-328.1616
-218.2414,-328.31
-217.9723,-328.4787
-217.6608,-328.5047
-217.3703,-328.6265
-217.0941,-328.7474
-216.7909,-328.9095
-216.4878,-328.8682
-216.1913,-328.9931
-215.8846,-329.0901
-215.542,-329.0907
-215.254,-329.1935
-214.9329,-329.1085
-214.5937,-329.0466
-214.2899,-329.1402
-213.9482,-329.2489
-213.5985,-329.321
-213.3044,-329.1811
-212.9646,-328.9336
-212.6158,-328.799
-212.3101,-328.6381
-212.0011,-328.679
-211.6958,-328.5274
-211.4055,-328.465
-211.0832,-328.2854
-210.7745,-328.4668
-210.4895,-328.3893
-210.1834,-328.2549
-209.9091,-328.1591
-209.6528,-327.5886
-209.3699,-327.6891
-209.0808,-327.3733
-208.8219,-327.1631
-208.5303,-326.9288
-208.2922,-326.618
-208.0321,-326.429
-207.8276,-326.2556
-207.589,-325.9254
-207.263,-325.8309
-207.1501,-325.6697
-206.9468,-325.429
-206.757,-325.1999
-206.5123,-324.8009
-206.3825,-324.5458
-206.2028,-324.2745
-206.0989,-323.9687
-205.9617,-323.6826
-205.8005,-323.3471
-205.6991,-323.0833
-205.6668,-322.8503
-205.4074,-322.3686
-205.2877,-322.063
-205.2536,-321.746
-205.1216,-321.3835
-205.0592,-321.0107
-205.0304,-320.6605
-204.9886,-320.2541
-205.0073,-319.9819
-205.0302,-319.5706
-205.0921,-319.2141
-205.1566,-318.8611
-205.2288,-318.5039
-205.2863,-318.1966
-205.3535,-317.8114
-205.4626,-317.433
-205.5833,-317.0664
-205.6954,-316.6863
-205.8546,-316.3262
-205.9494,-315.8894
-206.0214,-315.4809
-206.1757,-315.1084
-206.3541,-314.7491
-206.4131,-314.3562
-206.5334,-313.93
-206.7223,-313.5331
-206.8826,-313.1375
-207.0508,-312.799
-207.2465,-312.3403
-207.4771,-311.9767
-207.5987,-311.5253
-207.7568,-311.1469
-207.9641,-310.75
-208.2007,-310.3477
-208.4428,-309.9875
-208.6158,-309.5519
-208.8867,-309.1546
-209.0915,-308.7577
-209.2812,-308.3601
-209.4982,-307.9418
-209.7168,-307.5114
-209.9428,-307.0866
-210.1586,-306.6772
-210.3931,-306.24
-210.6217,-305.7998
-210.8427,-305.3766
-211.0934,-304.9108
-211.3213,-304.4008
-211.5296,-303.9922
-211.7618,-303.5894
-211.9941,-303.1646
-212.285,-302.7193
-212.5417,-302.3018
-212.7897,-301.8763
-212.9918,-301.386
-213.2041,-300.9101
-213.4636,-300.4392
-213.7827,-300.0123
-214.0252,-299.5887
-214.2211,-299.1542
-214.4361,-298.6784
-214.7318,-298.1929
-215.0243,-297.766
-215.2096,-297.298
-215.4345,-296.7906
-215.617,-296.3495
-215.8455,-295.8947
-216.1604,-295.3946
-216.3936,-294.8808
-216.6278,-294.4262
-216.8528,-293.9687
-217.1239,-293.5144
-217.3566,-293.0547
-217.651,-292.5438
-217.9392,-292.1161
-218.1452,-291.6732
-218.3615,-291.2141
-218.6378,-290.7934
-218.8537,-290.3759
-219.1323,-289.8938
-219.4124,-289.3329
-219.6192,-288.8608
-219.8478,-288.5117
-220.068,-288.0883
-220.2947,-287.5373
-220.5647,-287.1222
-220.7627,-286.5622
-220.9669,-286.163
-221.1668,-285.7444
-221.405,-285.3841
-221.675,-284.8335
-221.8759,-284.3513
-222.1049,-283.9594
-222.3224,-283.5568
-222.5084,-282.7874
-222.7277,-282.4879
-222.9686,-282.1559
-223.1163,-281.7356
-223.3467,-281.2719
-223.554,-280.8151
-223.7766,-280.4344
-223.9902,-280.0338
-224.1637,-279.6184
-224.3545,-279.2089
-224.554,-278.7931
-224.7278,-278.3319
-224.9409,-277.8945
-225.1253,-277.4311
-225.3038,-277.0456
-225.4527,-276.6797
-225.636,-276.2462
-225.783,-275.7814
-225.9162,-275.2762
-226.0799,-274.8522
-226.217,-274.3472
-226.4129,-273.945
-226.5394,-273.5319
-226.6409,-273.0949
-226.7664,-272.6378
-226.857,-272.1997
-227.0218,-271.7531
-227.0719,-271.3276
-227.2321,-270.8073
-227.3169,-270.3447
-227.4442,-269.934
-227.5379,-269.4585
-227.6774,-269.05
-227.7684,-268.5225
-227.82,-268.0926
-227.9096,-267.6674
-228.0079,-267.1685
-228.0983,-266.7051
-228.181,-266.2587
-228.2767,-265.8208
-228.3163,-265.3087
-228.405,-264.8405
-228.4757,-264.3815
-228.5124,-263.9124
-228.5791,-263.3853
-228.6791,-262.9324
-228.7615,-262.4522
-228.7876,-261.9837
-228.8317,-261.5152
-228.8857,-261.0002
-228.9282,-260.5415
-228.9496,-260.0571
-228.98,-259.5934
-228.9934,-259.1422
-229.0447,-258.6286
-229.0678,-258.1765
-229.0778,-257.7075
-229.1113,-257.2598
-229.1053,-256.7568
-229.1111,-256.2666
-229.1019,-255.8298
-229.1053,-255.319
-229.1052,-254.8318
-229.1058,-254.3393
-229.0576,-253.8431
-229.0191,-253.3348
-228.9764,-252.8109
-228.9272,-252.3239
-228.9009,-251.8379
-228.8479,-251.3235
-228.7934,-250.8372
-228.7472,-250.3343
-228.6834,-249.8041
-228.6249,-249.3047
-228.5537,-248.8366
-228.4662,-248.355
-228.4014,-247.8941
-228.2925,-247.3703
-228.2153,-246.9087
-228.1119,-246.3925
-228.0159,-245.9248
-227.8977,-245.4497
-227.7649,-245.011
-227.6647,-244.5726
-227.5436,-244.0953
-227.4277,-243.6624
-227.2669,-243.2317
-227.122,-242.78
-226.9653,-242.3305
-226.8078,-241.8612
-226.6425,-241.335
-226.4837,-240.8465
-226.2968,-240.418
-226.0973,-240.0021
-225.9232,-239.5573
-225.7588,-239.1331
-225.5705,-238.7033
-225.4241,-238.2633
-225.2211,-237.8684
-224.9996,-237.4574
-224.7679,-237.026
-224.6145,-236.6129
-224.3939,-236.1925
-224.1941,-235.791
-224.0436,-235.3821
-223.84,-234.9917
-223.7039,-234.5774
-223.5189,-234.1495
-223.3341,-233.7209
-223.1479,-233.3066
-223.0053,-232.9292
-222.8578,-232.5058
-222.759,-232.0778
-222.6647,-231.6586
-222.5623,-231.2369
-222.4544,-230.7775
-222.3638,-230.3988
-222.2689,-229.9797
-222.2066,-229.5534
-222.1317,-229.1462
-222.0477,-228.7103
-222.0222,-228.2832
-221.9928,-227.8663
-222.0163,-227.4483
-221.9967,-227.0086
-221.9768,-226.5752
-221.995,-226.1607
-222.053,-225.7042
-222.1762,-225.2906
-222.2855,-224.8831
-222.3496,-224.4363
-222.4436,-224.0293
-222.6056,-223.6262
-222.6749,-223.2095
-222.7317,-222.7611
-222.8439,-222.3326
-223.0699,-221.9718
-223.2262,-221.5941
-223.4145,-221.1923
-223.6149,-220.8067
-223.8414,-220.4386
-224.0825,-220.072
-224.3315,-219.7171
-224.5937,-219.3902
-224.9359,-219.0405
-225.2633,-218.709
-225.5195,-218.3922
-225.884,-218.0812
-226.2315,-217.7624
-226.5915,-217.4738
-226.9713,-217.2309
-227.3676,-216.9613
-227.7265,-216.7227
-228.1206,-216.4819
-228.4754,-216.2752
-228.8735,-216.0245
-229.2451,-215.8499
-229.6841,-215.6932
-230.087,-215.5072
-230.4998,-215.3301
-230.9049,-215.1815
-231.3878,-215.0766
-231.8119,-214.9528
-232.2142,-214.8798
-232.6838,-214.7835
-233.16,-214.6693
-233.5767,-214.5857
-233.9796,-214.5812
-234.3958,-214.5572
-234.8467,-214.5589
-235.2879,-214.5188
-235.6985,-214.5714
-236.1971,-214.6584
-236.6799,-214.7321
-237.146,-214.7213
-237.5174,-214.7567
-237.9695,-214.8687
-238.3771,-214.9896
-238.8108,-215.0789
-239.1886,-215.1875
-239.6251,-215.3279
-240.0149,-215.4896
-240.4064,-215.6379
-240.8255,-215.7656
-241.2065,-215.9186
-241.5871,-216.0926
-242.0102,-216.2365
-242.4336,-216.3978
-242.8449,-216.5735
-243.1935,-216.7384
-243.5621,-216.8993
-243.9664,-217.0717
-244.3616,-217.2507
-244.7363,-217.3915
-245.0659,-217.5292
-245.3936,-217.675
-245.7201,-217.8015
-246.0422,-217.9427
-246.3712,-218.0863
-246.7099,-218.2145
-247.0113,-218.3028
-247.3047,-218.4189
-247.5848,-218.5282
-247.8471,-218.6213
-248.1022,-218.708
-248.3611,-218.8026
-248.591,-218.8873
-248.7826,-218.9679
-248.9713,-219.0512
-249.1923,-219.1061
-249.408,-219.1588
-249.617,-219.2177
-249.7961,-219.2641
-249.9496,-219.3073
-250.1008,-219.349
-250.2491,-219.3867
-250.3739,-219.419
-250.493,-219.4453
-250.6227,-219.4772
-250.7203,-219.5
-250.8264,-219.5407
-250.975,-219.5776
-251.0944,-219.6258
-251.1966,-219.6385
-251.2941,-219.6634
-251.3985,-219.6861
-251.5292,-219.7294
-251.6407,-219.7539
-251.806,-219.8194
-251.9131,-219.8385
-252.0549,-219.8536
-252.1703,-219.879
-252.2918,-219.9346
-252.4547,-219.9615
-252.6326,-219.9831
-252.8005,-220.0164
-252.9997,-220.0553
-253.222,-220.0852
-253.4331,-220.1012
-253.6726,-220.1483
-253.9295,-220.1997
-254.2406,-220.2359
-254.549,-220.305
-254.8771,-220.3562
-255.1764,-220.38
-255.4865,-220.4221
-255.8269,-220.4651
-256.1811,-220.4812
-256.5229,-220.5406
-256.9271,-220.5975
-257.3178,-220.619
-257.6838,-220.6296
-258.1136,-220.6497
-258.5164,-220.6403
-258.8914,-220.7035
-259.2877,-220.7233
-259.709,-220.7606
-260.2133,-220.7505
-260.7167,-220.7216
-261.2033,-220.6637
-261.6835,-220.6386
-262.1661,-220.6438
-262.692,-220.6247
-263.1491,-220.6471
-263.6412,-220.6347
-264.1448,-220.6352
-264.7436,-220.5665
-265.3002,-220.5072
-265.8528,-220.4634
-266.3644,-220.4671
-266.9643,-220.3721
-267.5728,-220.2985
-268.1445,-220.2441
-268.7046,-220.1688
-269.2697,-220.1183
-269.8842,-220.0152
-270.4928,-219.9147
-271.0823,-219.8319
-271.6627,-219.754
-272.2722,-219.6608
-272.8509,-219.5664
-273.4582,-219.4495
-274.062,-219.3288
-274.6505,-219.2118
-275.2271,-219.0807
-275.8237,-218.9463
-276.4112,-218.8157
-276.9606,-218.6732
-277.5452,-218.529
-278.1182,-218.3795
-278.6732,-218.2609
-279.2985,-218.1114
-279.834,-217.9612
-280.3775,-217.8018
-280.9691,-217.6379
-281.5377,-217.4784
-282.0963,-217.325
-282.6376,-217.1902
-283.2129,-217.0235
-283.7373,-216.8539
-284.3137,-216.6926
-284.8661,-216.5167
-285.4222,-216.3334
-285.9803,-216.1718
-286.5364,-216.0023
-287.0807,-215.8467
-287.6265,-215.6764
-288.1536,-215.5011
-288.7297,-215.332
-289.289,-215.1505
-289.7861,-214.993
-290.3062,-214.8293
-290.8171,-214.6826
-291.3432,-214.5054
-291.8169,-214.3362
-292.337,-214.1642
-292.8466,-214.0065
-293.3772,-213.815
-293.8983,-213.6308
-294.4144,-213.4507
-294.9111,-213.2889
-295.4149,-213.1115
-295.9123,-212.9271
-296.42,-212.7457
-296.9306,-212.5572
-297.4235,-212.3569
-297.9112,-212.1825
-298.3798,-212.0143
-298.9106,-211.812
-299.4439,-211.6165
-299.9322,-211.4228
-300.3965,-211.2073
-300.8579,-210.9954
-301.3369,-210.7894
-301.8067,-210.6013
-302.2593,-210.3825
-302.7467,-210.1562
-303.2213,-209.9384
-303.6519,-209.711
-304.0932,-209.4791
-304.569,-209.2541
-305.0184,-209.0239
-305.4394,-208.7857
-305.8829,-208.568
-306.3094,-208.3463
-306.7218,-208.1116
-307.1578,-207.8399
-307.5472,-207.5704
-307.9626,-207.3497
-308.369,-207.0769
-308.7432,-206.8427
-309.1474,-206.5735
-309.5434,-206.3192
-309.904,-206.0775
-310.2673,-205.8189
-310.6207,-205.5692
-310.962,-205.3145
-311.2624,-205.0627
-311.5828,-204.8244
-311.9149,-204.5728
-312.1911,-204.3446
-312.4915,-204.1
-312.7572,-203.8808
-313.0025,-203.6456
-313.2346,-203.4323
-313.4691,-203.2361
-313.6917,-203.0316
-313.9261,-202.8341
-314.1165,-202.646
-314.2901,-202.4719
-314.4561,-202.3363
-314.6017,-202.1568
-314.7629,-201.9877
-314.8887,-201.842
-314.9933,-201.7215
-315.0884,-201.5951
-315.1888,-201.4767
-315.2733,-201.3851
-315.3715,-201.2987
-315.4335,-201.2107
-315.5527,-201.0879
-315.6488,-200.9638
-315.7421,-200.8708
-315.8128,-200.7818
-315.8862,-200.6671
-315.9645,-200.6012
-316.0506,-200.5093
-316.1211,-200.4038
-316.2068,-200.2826
-316.3192,-200.12
-316.395,-200.0368
-316.4804,-199.9401
-316.5764,-199.8306
-316.6869,-199.7148
-316.7753,-199.5649
-316.9013,-199.4228
-317.0146,-199.2757
-317.1456,-199.1036
-317.2971,-198.9298
-317.4214,-198.7328
-317.5496,-198.5221
-317.6863,-198.2932
-317.8397,-198.0592
-318.014,-197.8116
-318.1673,-197.5516
-318.325,-197.2781
-318.4943,-197.0065
-318.6625,-196.7134
-318.8109,-196.3922
-318.9559,-196.0811
-319.1078,-195.7479
-319.2817,-195.3887
-319.4283,-195.0406
-319.5785,-194.6852
-319.6937,-194.2997
-319.8152,-193.878
-319.9027,-193.4486
-319.9977,-193.0114
-320.1077,-192.5756
-320.1493,-192.099
-320.1874,-191.5836
-320.2528,-191.0961
-320.2867,-190.5836
-320.317,-190.0951
-320.2934,-189.5783
-320.2276,-189.0969
-320.1635,-188.5957
-320.0894,-188.1009
-320.0021,-187.5863
-319.8676,-187.0167
-319.7073,-186.4569
-319.5305,-185.9067
-319.3209,-185.3699
-319.1073,-184.8218
-318.843,-184.2997
-318.5666,-183.7677
-318.3101,-183.2374
-317.9912,-182.6911
-317.6846,-182.1629
-317.3339,-181.6308
-316.9543,-181.0693
-316.541,-180.5447
-316.1225,-179.9627
-315.6889,-179.4026
-315.2958,-178.8678
-314.8393,-178.3672
-314.4034,-177.8756
-313.9442,-177.3404
-313.4782,-176.8272
-313.012,-176.3197
-312.5344,-175.8079
-312.054,-175.2858
-311.5821,-174.7709
-311.1033,-174.2413
-310.5668,-173.6971
-310.0918,-173.1692
-309.5809,-172.6302
-309.0568,-172.059
-308.5413,-171.5112
-308.0159,-170.961
-307.4947,-170.4013
-306.9615,-169.8383
-306.431,-169.291
-305.901,-168.7412
-305.3671,-168.1715
-304.8352,-167.6214
-304.3002,-167.0677
-303.7678,-166.519
-303.2309,-165.9466
-302.6822,-165.3853
-302.1396,-164.8235
-301.5869,-164.2289
-301.0392,-163.6581
-300.4973,-163.0992
-299.9438,-162.5241
-299.373,-161.9401
-298.7848,-161.3349
-298.2465,-160.7758
-297.6734,-160.1929
-297.0999,-159.622
-296.5392,-159.0548
-295.9604,-158.4728
-295.4161,-157.9248
-294.825,-157.3362
-294.2732,-156.7614
-293.7018,-156.1948
-293.1001,-155.571
-292.5629,-155.0257
-292.0032,-154.4399
-291.4442,-153.8391
-290.8502,-153.2386
-290.344,-152.6628
-289.7622,-152.0333
-289.2187,-151.3974
-288.6852,-150.7899
-288.1543,-150.1552
-287.6389,-149.5369
-287.1417,-148.9
-286.6344,-148.2419
-286.1264,-147.5731
-285.6615,-146.8901
-285.2078,-146.247
-284.7467,-145.5717
-284.307,-144.9137
-283.8944,-144.2393
-283.4554,-143.5298
-283.0568,-142.7846
-282.6838,-142.0979
-282.2801,-141.383
-281.9287,-140.6622
-281.5764,-139.9513
-281.2246,-139.2203
-280.8836,-138.4685
-280.584,-137.7163
-280.2359,-137.0048
-279.9538,-136.2364
-279.6669,-135.4887
-279.4161,-134.7178
-279.1344,-133.9514
-278.8925,-133.2082
-278.6817,-132.4585
-278.4808,-131.7087
-278.2903,-130.9478
-278.0909,-130.1574
-277.8835,-129.3849
-277.7077,-128.6037
-277.5726,-127.8607
-277.4193,-127.0891
-277.2952,-126.3482
-277.1732,-125.5848
-277.0524,-124.8253
-276.9429,-124.0679
-276.8745,-123.3019
-276.7912,-122.5516
-276.7364,-121.7833
-276.6938,-121.0554
-276.6562,-120.2943
-276.6274,-119.594
-276.6247,-118.8391
-276.6117,-118.0874
-276.6469,-117.3446
-276.6627,-116.6214
-276.6623,-115.9096
-276.7201,-115.1725
-276.7793,-114.4568
-276.8633,-113.7656
-276.9138,-113.0552
-277.0158,-112.373
-277.1533,-111.6938
-277.2555,-111.0055
-277.3789,-110.3304
-277.4898,-109.6728
-277.6783,-109.0537
-277.8154,-108.3991
-277.9489,-107.7948
-278.1322,-107.1706
-278.2743,-106.5644
-278.4408,-106.006
-278.6101,-105.4369
-278.7819,-104.8912
-278.9631,-104.356
-279.1205,-103.8651
-279.2893,-103.3629
-279.4658,-102.8807
-279.6612,-102.4022
-279.8523,-101.9725
-280.0396,-101.5229
-280.2186,-101.087
-280.379,-100.6777
-280.552,-100.2799
-280.7227,-99.9156
-280.8974,-99.5638
-281.0731,-99.2014
-281.2574,-98.8494
-281.3989,-98.5562
-281.5553,-98.2558
-281.7018,-97.9593
-281.8448,-97.6662
-281.9817,-97.3786
-282.1106,-97.1471
-282.2386,-96.9183
-282.3399,-96.6861
-282.4597,-96.4852
-282.5766,-96.2884
-282.6691,-96.1079
-282.7493,-95.942
-282.8406,-95.7732
-282.9071,-95.6414
-282.976,-95.5119
-283.0508,-95.3999
-283.1209,-95.2867
-283.184,-95.1793
-283.2332,-95.0888
-283.3127,-94.9401
-283.3885,-94.8439
-283.4395,-94.74
-283.5101,-94.6279
-283.5651,-94.5407
-283.6354,-94.4527
-283.7204,-94.3179
-283.7947,-94.212
-283.8438,-94.1159
-283.9067,-94.0085
-283.9812,-93.8818
-284.071,-93.7516
-284.1627,-93.6073
-284.2554,-93.4441
-284.367,-93.2754
-284.4891,-93.0842
-284.6292,-92.876
-284.7863,-92.6612
-284.9484,-92.4355
-285.1238,-92.1988
-285.3336,-91.9195
-285.5379,-91.6463
-285.7657,-91.3323
-285.9939,-91.0256
-286.238,-90.6959
-286.5103,-90.3501
-286.8012,-90.0035
-287.1106,-89.6242
-287.4384,-89.2132
-287.7713,-88.8093
-288.1021,-88.4173
-288.4396,-88.0234
-288.824,-87.6093
-289.1856,-87.1465
-289.6073,-86.7295
-290.0046,-86.3082
-290.3985,-85.8562
-290.8235,-85.4082
-291.2311,-84.9803
-291.6339,-84.5492
-292.0742,-84.0976
-292.5256,-83.6334
-292.953,-83.1878
-293.4065,-82.7081
-293.8839,-82.2233
-294.335,-81.7415
-294.7897,-81.2571
-295.2533,-80.814
-295.742,-80.3179
-296.2148,-79.811
-296.7093,-79.3298
-297.1506,-78.849
-297.6248,-78.3764
-298.1092,-77.8887
-298.5912,-77.4091
-299.0722,-76.9086
-299.5609,-76.4304
-300.0293,-75.9306
-300.5052,-75.4659
-300.9767,-74.9891
-301.447,-74.5438
-301.9343,-74.0671
-302.4082,-73.5953
-302.8708,-73.1035
-303.3495,-72.6208
-303.8335,-72.1692
-304.2846,-71.702
-304.7559,-71.223
-305.2282,-70.7497
-305.6981,-70.2607
-306.1718,-69.8108
-306.6301,-69.3256
-307.0876,-68.8659
-307.5296,-68.4168
-307.9626,-67.9714
-308.4153,-67.5079
-308.879,-67.0431
-309.3004,-66.6259
-309.7465,-66.1747
-310.1761,-65.7292
-310.6127,-65.3016
-311.0341,-64.8604
-311.4303,-64.4461
-311.8584,-63.9969
-312.2821,-63.5674
-312.6884,-63.1454
-313.0807,-62.7227
-313.4762,-62.3205
-313.8549,-61.9113
-314.2328,-61.5089
-314.627,-61.0879
-315.0099,-60.6671
-315.3845,-60.2744
-315.768,-59.8632
-316.1489,-59.4465
-316.5078,-59.0704
-316.9031,-58.639
-317.2479,-58.2603
-317.5714,-57.8813
-317.9006,-57.5107
-318.2472,-57.0946
-318.5572,-56.7366
-318.8772,-56.3732
-319.2,-55.9956
-319.5251,-55.6145
-319.8576,-55.2366
-320.1674,-54.8835
-320.4736,-54.5321
-320.7783,-54.1782
-321.0836,-53.8029
-321.382,-53.4527
-321.6642,-53.108
-321.9304,-52.7892
-322.1922,-52.4719
-322.4496,-52.1413
-322.7224,-51.8125
-323.0018,-51.4793
-323.2506,-51.1578
-323.4897,-50.8611
-323.7415,-50.5521
-323.9992,-50.2242
-324.2406,-49.9182
-324.4991,-49.5937
-324.7276,-49.3139
-324.9571,-49.0215
-325.1726,-48.7329
-325.4007,-48.4417
-325.62,-48.1507
-325.8451,-47.8666
-326.0559,-47.5884
-326.2595,-47.299
-326.4476,-47.0483
-326.6436,-46.7805
-326.8491,-46.5189
-327.0395,-46.2612
-327.2246,-46.0193
-327.3911,-45.7832
-327.5503,-45.5362
-327.7237,-45.2936
-327.9083,-45.0674
-328.0769,-44.8199
-328.2557,-44.588
-328.4181,-44.366
-328.5762,-44.1254
-328.7581,-43.8969
-328.9449,-43.6528
-329.1126,-43.41
-329.2904,-43.1478
-329.4435,-42.8985
-329.6183,-42.6624
-329.8044,-42.4153
-329.9881,-42.1527
-330.1738,-41.9053
-330.3322,-41.6445
-330.5121,-41.3902
-330.7059,-41.1171
-330.8855,-40.8339
-331.0611,-40.5566
-331.252,-40.2912
-331.442,-40.0072
-331.6377,-39.7195
-331.8279,-39.436
-332.0029,-39.1473
-332.198,-38.8457
-332.391,-38.5492
-332.5986,-38.23
-332.8119,-37.9
-333.0029,-37.5788
-333.2059,-37.2532
-333.41,-36.923
-333.6313,-36.5781
-333.8412,-36.2534
-334.0422,-35.9364
-334.2195,-35.6185
-334.4258,-35.2727
-334.678,-34.8997
-334.863,-34.5767
-335.0479,-34.2372
-335.2715,-33.8824
-335.4745,-33.5481
-335.676,-33.1943
-335.9016,-32.8239
-336.1245,-32.4685
-336.3246,-32.1281
-336.5331,-31.7867
-336.7493,-31.42
-336.9568,-31.0424
-337.1747,-30.6844
-337.3772,-30.3436
-337.6045,-29.9658
-337.8394,-29.5851
-338.0843,-29.2125
-338.3087,-28.8446
-338.5157,-28.5093
-338.7302,-28.1378
-338.9648,-27.7376
-339.2025,-27.3588
-339.4276,-26.9938
-339.6587,-26.6261
-339.8877,-26.242
-340.149,-25.8505
-340.3557,-25.4912
-340.5912,-25.1023
-340.8472,-24.7211
-341.0651,-24.3118
-341.319,-23.9212
-341.568,-23.5185
-341.8232,-23.136
-342.0929,-22.7526
-342.3265,-22.373
-342.5655,-21.9855
-342.8479,-21.5674
-343.1217,-21.1613
-343.3814,-20.7508
-343.6614,-20.3469
-343.9384,-19.9415
-344.2263,-19.5323
-344.505,-19.1084
-344.8005,-18.7057
-345.1037,-18.2984
-345.4217,-17.8659
-345.7257,-17.4297
-346.0446,-16.9921
-346.3734,-16.5464
-346.6925,-16.1132
-347.0018,-15.6904
-347.3312,-15.25
-347.6627,-14.8091
-347.9935,-14.3876
-348.3315,-13.9515
-348.6819,-13.5048
-349.0203,-13.0645
-349.3781,-12.6237
-349.7393,-12.1774
-350.1176,-11.7134
-350.5057,-11.2675
-350.8606,-10.8479
-351.2224,-10.399
-351.6099,-9.9277
-351.992,-9.4795
-352.3756,-9.0461
-352.7568,-8.5975
-353.1494,-8.1548
-353.5381,-7.7123
-353.9157,-7.2781
-354.3129,-6.8229
-354.7245,-6.3513
-355.1209,-5.9172
-355.5195,-5.4726
-355.9179,-5.0182
-356.3275,-4.5883
-356.7229,-4.1405
-357.1435,-3.6887
-357.5558,-3.2476
-357.9575,-2.8132
-358.3658,-2.3571
-358.7726,-1.9236
-359.1771,-1.4812
-359.5952,-1.0494
-360.0156,-0.6204
-360.3994,-0.192
-360.8193,0.2525
-361.2627,0.7067
-361.6368,1.1115
-362.0433,1.537
-362.4707,1.9944
-362.8831,2.4367
-363.309,2.8766
-363.7262,3.3102
-364.1355,3.7393
-364.5431,4.1738
-364.9791,4.611
-365.4116,5.0473
-365.8104,5.4679
-366.2237,5.9282
-366.6989,6.4214
-367.0847,6.8176
-367.5584,7.2827
-368.0058,7.766
-368.4355,8.2379
-368.9106,8.7287
-369.41,9.2171
-369.8566,9.6672
-370.3108,10.1381
-370.7547,10.6103
-371.204,11.0583
-371.6551,11.5245
-372.1057,11.9993
-372.5476,12.455
-372.9888,12.9092
-373.4336,13.3631
-373.8835,13.8187
-374.3,14.2624
-374.7581,14.7427
-375.1906,15.1791
-375.6192,15.6184
-376.0962,16.1075
-376.5632,16.5891
-376.9822,17.0241
-377.4284,17.4819
-377.9198,17.9943
-378.4088,18.4869
-378.8479,18.955
-379.3629,19.4585
-379.7979,19.9104
-380.2471,20.3629
-380.7052,20.852
-381.1653,21.322
-381.6269,21.7701
-382.0788,22.2657
-382.5434,22.7284
-383.0096,23.1946
-383.4678,23.6892
-383.9276,24.1712
-384.3864,24.6369
-384.8735,25.1367
-385.3498,25.6282
-385.8241,26.0906
-386.2727,26.5515
-386.7482,27.0536
-387.2079,27.5286
-387.6711,28.0105
-388.1336,28.4764
-388.6029,28.9559
-389.0652,29.4331
-389.5162,29.93
-390.0211,30.4152
-390.5052,30.9169
-391.0057,31.4216
-391.4619,31.867
-391.9501,32.3868
-392.4294,32.882
-392.8669,33.3386
-393.3083,33.7905
-393.8079,34.2806
-394.2469,34.7395
-394.7361,35.2549
-395.2329,35.767
-395.6541,36.1915
-396.1093,36.6603
-396.5769,37.1381
-397.0061,37.5897
-397.4469,38.0461
-397.9159,38.5412
-398.3535,38.989
-398.7825,39.453
-399.2466,39.924
-399.7139,40.3857
-400.1834,40.8779
-400.6703,41.3976
-401.1386,41.87
-401.5822,42.3289
-402.0599,42.8191
-402.5321,43.3052
-402.9574,43.7622
-403.4326,44.2534
-403.8856,44.7398
-404.3314,45.2218
-404.7964,45.6993
-405.2454,46.1577
-405.6841,46.6072
-406.1392,47.0848
-406.608,47.5515
-407.0469,48.0213
-407.5068,48.5048
-407.9745,48.9885
-408.4142,49.4524
-408.8721,49.9238
-409.3194,50.3873
-409.7663,50.8529
-410.2379,51.3464
-410.6815,51.8228
-411.1181,52.2831
-411.5496,52.7531
-412.0273,53.2491
-412.4737,53.7245
-412.9225,54.175
-413.376,54.652
-413.8287,55.1173
-414.2483,55.5464
-414.7017,56.0192
-415.167,56.4984
-415.6021,56.9467
-416.0485,57.4146
-416.4948,57.8741
-416.9508,58.3393
-417.4238,58.823
-417.8534,59.2747
-418.2986,59.7356
-418.7463,60.2073
-419.1837,60.6646
-419.6357,61.1215
-420.0905,61.5877
-420.5291,62.0508
-420.935,62.476
-421.38,62.935
-421.8325,63.399
-422.2788,63.8545
-422.7125,64.2889
-423.1505,64.7532
-423.5813,65.21
-423.9863,65.6146
-424.399,66.0408
-424.8342,66.4811
-425.2549,66.9126
-425.6577,67.2996
-426.0699,67.7318
-426.4389,68.0977
-426.8195,68.475
-427.218,68.8616
-427.5889,69.2301
-427.9469,69.5888
-428.3196,69.9447
-428.6797,70.3025
-429.0382,70.6471
-429.3967,70.986
-429.745,71.3214
-430.0553,71.6233
-430.3776,71.9333
-430.7102,72.2346
-431.0317,72.5297
-431.358,72.8306
-431.686,73.1314
-432.0004,73.4108
-432.3125,73.6961
-432.631,73.9827
-432.941,74.262
-433.2606,74.5278
-433.6032,74.8326
-433.9137,75.0961
-434.2175,75.3524
-434.5273,75.6079
-434.8445,75.8776
-435.1741,76.1436
-435.5196,76.436
-435.8432,76.7271
-436.1307,76.9455
-436.4236,77.1815
-436.7357,77.4257
-437.0383,77.6711
-437.3251,77.921
-437.6172,78.175
-437.9209,78.3909
-438.2141,78.6217
-438.5023,78.8724
-438.8275,79.1415
-439.1509,79.3603
-439.4433,79.5489
-439.7275,79.789
-440.0367,80.007
-440.3362,80.2286
-440.6707,80.47
-440.9693,80.6802
-441.2525,80.8913
-441.5365,81.1117
-441.8196,81.2927
-442.1099,81.4827
-442.3858,81.6965
-442.7155,81.9466
-443.0146,82.1726
-443.2576,82.3224
-443.5027,82.4736
-443.7588,82.6265
-443.9995,82.7939
-444.2508,82.968
-444.4815,83.1194
-444.702,83.2623
-444.9354,83.4023
-445.1434,83.538
-445.3534,83.6857
-445.5237,83.8105
-445.6903,83.9127
-445.8614,84.0214
-446.0277,84.115
-446.1881,84.2127
-446.3391,84.2987
-446.4797,84.3923
-446.6131,84.4895
-446.7478,84.5676
-446.871,84.6581
-446.9917,84.7455
-447.0909,84.8
-447.1823,84.8516
-447.3464,84.9436
-447.4819,85.0068
-447.6007,85.0951
-447.7063,85.1382
-447.83,85.2068
-447.9652,85.2979
-448.1212,85.3905
-448.2233,85.4623
-448.3264,85.519
-448.4156,85.5788
-448.5148,85.6346
-448.628,85.6991
-448.7638,85.7879
-448.912,85.8913
-449.0642,85.9927
-449.2221,86.0953
-449.4014,86.1876
-449.6016,86.3063
-449.8134,86.4324
-450.0241,86.5591
-450.2517,86.6828
-450.5651,86.8837
-450.8817,87.0376
-451.1873,87.2131
-451.5355,87.4309
-451.8735,87.6031
-452.2235,87.8138
-452.6237,88.0278
-453.0424,88.2387
-453.493,88.4733
-453.9349,88.7393
-454.3865,88.9773
-454.8774,89.2096
-455.3559,89.4584
-455.8629,89.7367
-456.3565,89.9791
-456.9064,90.2416
-457.4234,90.4556
-457.9831,90.6982
-458.5322,90.9446
-459.1028,91.1576
-459.6833,91.3781
-460.2533,91.6023
-460.8486,91.8283
-461.4777,92.0844
-462.0887,92.3019
-462.7131,92.5426
-463.3475,92.7803
-463.9861,92.9959
-464.6361,93.2317
-465.2668,93.4437
-465.9251,93.6197
-466.5529,93.8267
-467.2198,94.0577
-467.923,94.2941
-468.5466,94.5034
-469.2532,94.7021
-469.932,94.9001
-470.6418,95.0587
-471.3501,95.224
-472.0479,95.3974
-472.7303,95.5827
-473.4648,95.7559
-474.1916,95.9195
-474.9283,96.0723
-475.628,96.1913
-476.3047,96.3271
-477.0578,96.4547
-477.7212,96.5342
-478.4418,96.6808
-479.1389,96.798
-479.8531,96.9188
-480.5766,97.0376
-481.2519,97.1449
-481.9826,97.2085
-482.6623,97.3111
-483.3358,97.3786
-484.0027,97.4202
-484.6859,97.4747
-485.3578,97.5342
-486.0596,97.585
-486.7267,97.6285
-487.3596,97.669
-488.0132,97.7218
-488.6839,97.7519
-489.348,97.7921
-490.0193,97.8258
-490.6383,97.8553
-491.2718,97.8579
-491.9088,97.8779
-492.5782,97.928
-493.2001,97.9231
-493.8448,97.9305
-494.4713,97.949
-495.1178,97.9489
-495.7488,97.9382
-496.3979,97.9423
-497.0294,97.8991
-497.6634,97.8931
-498.2837,97.8904
-498.9123,97.8458
-499.5253,97.8315
-500.1436,97.797
-500.7613,97.7543
-501.3542,97.7227
-501.959,97.6987
-502.5857,97.6704
-503.1797,97.6163
-503.7669,97.57
-504.3466,97.5236
-504.936,97.4846
-505.5085,97.4377
-506.0805,97.3997
-506.6488,97.3445
-507.2079,97.2817
-507.7878,97.2506
-508.3443,97.2352
-508.9207,97.1884
-509.4598,97.1573
-510.0052,97.1355
-510.5168,97.1151
-511.0524,97.0973
-511.5763,97.0808
-512.0814,97.0797
-512.5269,97.0803
-513.0345,97.1018
-513.5486,97.1092
-514.061,97.1403
-514.5278,97.1647
-514.9987,97.1788
-515.4518,97.2065
-515.889,97.2428
-516.3389,97.291
-516.8331,97.3479
-517.2545,97.4086
-517.6876,97.4648
-518.1339,97.5342
-518.6129,97.6341
-518.9822,97.6911
-519.3522,97.7382
-519.7626,97.7936
-520.181,97.8577
-520.6061,97.925
-520.9963,97.9683
-521.3529,98.0364
-521.7705,98.0992
-522.193,98.1706
-522.603,98.2222
-523.0064,98.281
-523.3902,98.3329
-523.7435,98.3577
-524.1079,98.3896
-524.498,98.4517
-524.9296,98.5326
-525.3286,98.5472
-525.6882,98.5451
-526.017,98.5315
-526.3481,98.5382
-526.6665,98.5086
-526.9413,98.4564
-527.2253,98.4121
-527.5923,98.4048
-527.8676,98.3663
-528.1484,98.322
-528.4304,98.2761
-528.6566,98.2353
-528.8955,98.1972
-529.1415,98.159
-529.3741,98.1209
-529.6132,98.0731
-529.8414,98.0414
-530.0764,98.0168
-530.2565,97.9731
-530.408,97.927
-530.5579,97.8845
-530.7153,97.8491
-530.8562,97.8225
-531.0204,97.8061
-531.1853,97.7839
-531.3067,97.7695
-531.4227,97.7391
-531.5527,97.7034
-531.7582,97.6319
-531.8705,97.6124
-532.0156,97.6029
-532.1992,97.5691
-532.4051,97.5493
-532.5168,97.5322
-532.6409,97.4728
-532.7913,97.4644
-532.9606,97.4458
-533.1028,97.4258
-533.2028,97.399
-533.3366,97.3584
-533.434,97.3301
-533.5448,97.3131
-533.65,97.314
-533.8111,97.2882
-533.9358,97.2498
-534.0609,97.2164
-534.157,97.1818